report_id,user_id
report_0000,user_0010
report_0001,user_0011
report_0002,user_0050
report_0003,user_0000
report_0004,user_0065
report_0005,user_0021
report_0006,user_0047
report_0007,user_0021
report_0008,user_0058
report_0009,user_0048
report_0010,user_0037
report_0011,user_0045
report_0012,user_0077
report_0013,user_0075
report_0014,user_0047
report_0015,user_0050
report_0016,user_0076
report_0017,user_0007
report_0018,user_0073
report_0019,user_0016
report_0020,user_0076
report_0021,user_0072
report_0022,user_0035
report_0023,user_0049
report_0024,user_0007
report_0025,user_0062
report_0026,user_0065
report_0027,user_0075
report_0028,user_0000
report_0029,user_0027
report_0030,user_0068
report_0031,user_0073
report_0032,user_0011
report_0033,user_0059
report_0034,user_0012
report_0035,user_0041
report_0036,user_0034
report_0037,user_0043
report_0038,user_0033
report_0039,user_0012
report_0040,user_0041
report_0041,user_0075
report_0042,user_0004
report_0043,user_0074
report_0044,user_0040
report_0045,user_0031
report_0046,user_0070
report_0047,user_0071
report_0048,user_0066
report_0049,user_0006
report_0050,user_0011
report_0051,user_0056
report_0052,user_0043
report_0053,user_0018
report_0054,user_0043
report_0055,user_0011
report_0056,user_0037
report_0057,user_0011
report_0058,user_0071
report_0059,user_0018
report_0060,user_0060
report_0061,user_0014
report_0062,user_0031
report_0063,user_0036
report_0064,user_0063
report_0065,user_0010
report_0066,user_0011
report_0067,user_0055
report_0068,user_0059
report_0069,user_0050
report_0070,user_0019
report_0071,user_0062
report_0072,user_0049
report_0073,user_0008
report_0074,user_0008
report_0075,user_0041
report_0076,user_0078
report_0077,user_0000
report_0078,user_0061
report_0079,user_0010
report_0080,user_0036
report_0081,user_0016
report_0082,user_0031
report_0083,user_0052
report_0084,user_0069
report_0085,user_0068
report_0086,user_0047
report_0087,user_0043
report_0088,user_0068
report_0089,user_0060
report_0090,user_0068
report_0091,user_0020
report_0092,user_0055
report_0093,user_0034
report_0094,user_0079
report_0095,user_0031
report_0096,user_0014
report_0097,user_0014
report_0098,user_0023
report_0099,user_0007
