report_id,source_id
rep_001,src_001
rep_002,src_002
rep_003,src_003
rep_004,src_004
rep_005,src_001
rep_006,src_006
rep_007,src_002
rep_008,src_005
rep_009,src_001
rep_010,src_004
rep_011,src_001
rep_012,src_001
rep_013,src_005
rep_014,src_001
rep_015,src_001
rep_016,src_001
rep_017,src_001
rep_018,src_001
rep_019,src_001
rep_020,src_001
rep_021,src_001
rep_022,src_007
rep_023,src_007
rep_024,src_005
rep_025,src_005
rep_026,src_001
rep_027,src_001
rep_028,src_005
rep_029,src_010
rep_030,src_001
rep_031,src_010
rep_032,src_010
rep_033,src_010
rep_034,src_005
rep_035,src_010
rep_036,src_001
rep_037,src_010
rep_038,src_010
rep_039,src_010
rep_040,src_005
rep_041,src_005
rep_042,src_005
rep_043,src_007
rep_044,src_002
rep_045,src_002
rep_046,src_008
rep_047,src_007
rep_048,src_007
rep_049,src_005
rep_050,src_001
rep_051,src_001
rep_052,src_002
rep_053,src_005
rep_054,src_004
rep_055,src_007
rep_056,src_001
rep_057,src_006
rep_058,src_005
rep_059,src_002
rep_060,src_001
rep_061,src_007
rep_062,src_001
rep_063,src_010
rep_064,src_001
rep_065,src_001
rep_066,src_003
rep_067,src_007
rep_068,src_005
rep_069,src_010
rep_070,src_001
rep_071,src_001
rep_072,src_002
rep_073,src_001
rep_074,src_007
rep_075,src_005
rep_076,src_001
rep_077,src_006
rep_078,src_002
rep_079,src_001
rep_080,src_008
rep_081,src_001
rep_082,src_007
rep_083,src_001
rep_084,src_002
rep_085,src_005
rep_086,src_001
rep_087,src_007
rep_088,src_001
rep_089,src_005
rep_090,src_002
rep_091,src_001
rep_092,src_003
rep_093,src_007
rep_094,src_006
rep_095,src_010
rep_096,src_001
rep_097,src_001
rep_098,src_007
rep_099,src_005
rep_100,src_007
rep_102,src_006
rep_103,src_001
rep_104,src_005
rep_105,src_001
rep_106,src_010
rep_107,src_001
rep_108,src_005
rep_109,src_001
rep_110,src_010
rep_111,src_002
rep_112,src_001
rep_113,src_003
rep_114,src_007
rep_115,src_001
rep_116,src_008
rep_117,src_005
rep_118,src_001
rep_119,src_010
rep_120,src_007
rep_121,src_001
rep_122,src_001
rep_123,src_002
rep_124,src_005
rep_125,src_001
rep_126,src_006
rep_127,src_010
rep_128,src_002
rep_129,src_001
rep_130,src_003
rep_131,src_005
rep_132,src_002
rep_133,src_007
rep_134,src_006
rep_135,src_001
rep_136,src_008
rep_137,src_001
rep_138,src_005
rep_139,src_002
rep_140,src_007
rep_141,src_001
rep_142,src_005
rep_143,src_010
rep_144,src_001
rep_145,src_001
rep_146,src_005
rep_147,src_010
rep_148,src_002
rep_149,src_001
rep_150,src_001
rep_151,src_010
rep_152,src_003
rep_153,src_007
rep_154,src_008
rep_155,src_002
rep_156,src_005
rep_157,src_001
rep_158,src_001
rep_159,src_007
rep_160,src_001
rep_161,src_005
rep_162,src_001
rep_163,src_010
rep_164,src_001
rep_165,src_006
rep_166,src_007
rep_167,src_001
rep_168,src_005
rep_169,src_010
rep_170,src_002
rep_171,src_006
rep_172,src_007
rep_173,src_001
rep_174,src_008
rep_175,src_001
rep_176,src_005
rep_177,src_002
rep_178,src_001
rep_179,src_007
rep_180,src_006
rep_181,src_010
rep_182,src_001
rep_183,src_001
rep_184,src_005
rep_185,src_002
rep_186,src_007
rep_187,src_006
rep_188,src_001
rep_189,src_003
rep_190,src_001
rep_191,src_002
rep_192,src_007
rep_193,src_001
rep_194,src_010
rep_195,src_008
rep_196,src_001
rep_197,src_010
rep_198,src_001
rep_199,src_001
rep_200,src_005
